value,rank,p_exceed,return_period,F,gev,gumbel
7505.568340442908,50,0.9803921568627451,1.02,0.019607843137254943,8820.250276998271,8888.35363764782
8218.80660667636,49,0.9607843137254902,1.0408163265306123,0.03921568627450989,9008.22582303552,9058.138323678404
8255.759100030891,48,0.9411764705882353,1.0625,0.05882352941176472,9136.178301149004,9175.233969220973
8528.370375031438,47,0.9215686274509803,1.0851063829787235,0.07843137254901966,9237.624233488876,9268.97095875344
8815.967664310494,46,0.9019607843137255,1.108695652173913,0.0980392156862745,9323.858417700612,9349.28841732221
8838.537160779564,45,0.8823529411764706,1.1333333333333333,0.11764705882352944,9400.176219141407,9420.864940625197
8842.16108035353,44,0.8627450980392157,1.159090909090909,0.13725490196078416,9469.522153120093,9486.311201034714
8853.945650991804,43,0.8431372549019608,1.1860465116279069,0.1568627450980391,9533.718828198234,9547.248654593133
9064.91552311702,42,0.8235294117647058,1.2142857142857144,0.17647058823529416,9593.98193869415,9604.762687073446
9076.76622011367,41,0.803921568627451,1.2439024390243902,0.196078431372549,9651.168867097365,9659.621817994952
9204.626890610143,40,0.7843137254901961,1.275,0.21568627450980382,9705.911371477843,9712.39491807312
9318.300235206005,39,0.7647058823529411,1.3076923076923077,0.23529411764705888,9758.691967603369,9763.518809254132
9372.721959146636,38,0.7450980392156863,1.3421052631578947,0.2549019607843137,9809.890589085073,9813.339638961954
9386.718313215099,37,0.7254901960784313,1.3783783783783785,0.27450980392156865,9859.814500838322,9862.13946243094
9401.01804275861,36,0.7058823529411765,1.4166666666666665,0.2941176470588235,9908.718268553577,9910.154035829615
9529.360494612649,35,0.6862745098039216,1.457142857142857,0.3137254901960784,9956.817564856825,9957.585160812361
9540.891763018652,34,0.6666666666666666,1.5,0.33333333333333337,10004.299018286563,10004.60953279242
9666.211946048765,33,0.6470588235294118,1.5454545454545454,0.3529411764705882,10051.327447310381,10051.385282948602
9687.223167003709,32,0.6274509803921569,1.59375,0.37254901960784315,10098.051326581108,10098.056967048055
9720.840813252777,31,0.6078431372549019,1.6451612903225807,0.3921568627450981,10144.607038436432,10144.759494598813
9782.80648488605,30,0.5882352941176471,1.7,0.4117647058823529,10191.122282445234,10191.621333131749
9822.60433926953,29,0.5686274509803921,1.7586206896551724,0.43137254901960786,10237.71890280012,10238.76722331409
9937.650350397926,28,0.5490196078431373,1.8214285714285712,0.4509803921568627,10284.515321414201,10286.320578111301
9949.556268124867,27,0.5294117647058824,1.8888888888888888,0.47058823529411764,10331.62871868599,10334.405700169735
10002.734141006304,26,0.5098039215686274,1.9615384615384617,0.4901960784313726,10379.177075263304,10383.149928354416
10081.493167685165,25,0.49019607843137253,2.04,0.5098039215686274,10427.281171621416,10432.685812579613
10099.586980229627,24,0.47058823529411764,2.125,0.5294117647058824,10476.0666349772,10483.153413415954
10104.63976194532,23,0.45098039215686275,2.217391304347826,0.5490196078431373,10525.66612360511,10534.70282859798
10134.235398302826,22,0.43137254901960786,2.318181818181818,0.5686274509803921,10576.221746771156,10587.497062834596
10346.678164055942,21,0.4117647058823529,2.428571428571429,0.5882352941176471,10627.887835087275,10641.715381786442
10404.414221922527,20,0.39215686274509803,2.55,0.6078431372549019,10680.83420312964,10697.557328720497
10500.863381087112,19,0.37254901960784315,2.6842105263157894,0.6274509803921569,10735.250087250273,10755.247638212308
10522.871423766142,18,0.35294117647058826,2.833333333333333,0.6470588235294117,10791.34900253778,10815.042363433155
10605.686214115225,17,0.3333333333333333,3.0,0.6666666666666667,10849.374853363443,10877.236655006087
10660.83566902584,16,0.3137254901960784,3.1875,0.6862745098039216,10909.6097673168,10942.17481117347
10667.276971630765,15,0.29411764705882354,3.4,0.7058823529411764,10972.384328056616,11010.26349586324
10800.295533085891,14,0.27450980392156865,3.6428571428571423,0.7254901960784313,11038.091201694875,11081.989452104577
10805.052286345479,13,0.2549019607843137,3.9230769230769234,0.7450980392156863,11107.20365854349,11157.943725954581
10854.21071621372,12,0.23529411764705882,4.25,0.7647058823529411,11180.301321619376,11238.855546161394
10863.835147755999,11,0.21568627450980393,4.636363636363636,0.7843137254901961,11258.106875540441,11325.640924875896
11167.931889007885,10,0.19607843137254902,5.1,0.803921568627451,11341.539931827312,11419.474435601483
11191.936815139241,9,0.17647058823529413,5.666666666666666,0.8235294117647058,11431.79876743301,11521.898888646065
11285.076274859664,8,0.1568627450980392,6.375,0.8431372549019608,11530.489401139785,11634.999827900549
11445.69528257781,7,0.13725490196078433,7.285714285714285,0.8627450980392157,11639.83950137015,11761.69711333911
11538.107011914908,6,0.11764705882352941,8.5,0.8823529411764706,11763.07475941064,11906.262749514717
11629.818546243092,5,0.09803921568627451,10.2,0.9019607843137255,11905.133853454578,12075.315067379555
11680.271499186802,4,0.0784313725490196,12.75,0.9215686274509804,12074.172470235448,12279.93637653715
11913.540569812536,3,0.058823529411764705,17.0,0.9411764705882353,12285.216738100902,12540.895868652644
11999.659370622634,2,0.0392156862745098,25.5,0.9607843137254902,12571.24766142679,12904.812830649416
12719.139802926678,1,0.0196078431372549,51.0,0.9803921568627451,13033.97284432446,13520.432150698845
