stage,discharge_obs,discharge_fit,residual,pct_error
0.607225548569113,2.6215417827615304,2.5817568279287686,0.03978495483276179,1.5176166595694058
0.6097425470128656,2.5113972316020945,2.618125039135571,-0.10672780753347633,-4.249738201128442
0.7009056005626917,3.8716497842976545,4.062499080973377,-0.1908492966757227,-4.929404964512929
0.7069488647393882,3.8166616890901137,4.166677951230011,-0.35001626213989745,-9.170743719319299
0.7280908577144146,5.553124996798523,4.539063328346075,1.014061668452448,18.26109927359951
0.7562397498637438,4.830540265985192,5.0536670015600516,-0.2231267355748594,-4.619084476865499
0.9552615827880799,9.302802442653404,9.265697305239481,0.03710513741392241,0.3988597806161629
0.9807130187749863,8.444869139445661,9.87265608453653,-1.427786945090869,-16.907152988573035
1.0144920216873288,10.968847659358229,10.700880219453946,0.2679674399042824,2.4429862482013975
1.0903967712074518,11.781020171161227,12.654057377657928,-0.8730372064967007,-7.410539951657238
1.2343228977173566,19.90678329020903,16.69325339941045,3.213529890798579,16.142888803029894
1.2965634041465819,20.188009612293282,18.570535461701628,1.6174741505916543,8.01205359842265
1.3286965619772673,25.65282412163673,19.569590180432183,6.083233941204547,23.71370073080444
1.4259733949787914,25.546085051914318,22.715078377484136,2.8310066744301814,11.081959011242068
1.4290244560688734,35.619392847954124,22.81663316458479,12.802759683369334,35.94322828022232
1.5000444010831417,26.49442990818121,25.22937236821915,1.2650575399620614,4.774805664232936
1.509564277715981,23.045714953139964,25.559841692433647,-2.5141267392936832,-10.909302420887295
1.576769954059273,20.075456422379403,27.939496742818143,-7.86404032043874,-39.17241110230594
1.705478503741324,23.899209671321014,32.720656090395934,-8.82144641907492,-36.911038232618345
1.7157880834303798,38.18984526042705,33.11609860042197,5.073746660005078,13.285591039727459
1.7400294149294497,36.8121927955316,34.053098129554826,2.759094665976775,7.495056546350817
1.769604135118425,22.894802936110185,35.20981517921987,-12.315012243109688,-53.78955336490877
1.8059804465621712,30.62972445734502,36.652843319570415,-6.023118862225395,-19.66429332595922
1.8526178881525994,29.45667238196412,38.53535675638373,-9.078684374419609,-30.82046830238147
1.902751705981791,49.14033024073695,40.59919837576977,8.541131864967184,17.3811039183588
1.9059221816249194,61.43230338475657,40.73110526460554,20.701198120151034,33.697577625402374
2.0412813425064087,54.56598414070429,46.514568187712364,8.051415952991924,14.75537567916026
2.1886130324564874,50.60010420920224,53.1398864230376,-2.539782213835359,-5.019322101264504
2.355357146728784,51.031170374512556,61.04075055425878,-10.009580179746223,-19.614639653151073
2.422634109761566,51.442971153794076,64.34662653439975,-12.90365538060567,-25.083417794879807
2.5417605850845577,61.680709362771424,70.36330419344881,-8.682594830677388,-14.076677976595928
2.6657488433644176,79.77028542843114,76.84290439867293,2.927381029758209,3.6697637648352366
2.733696748502553,65.05347656106166,80.48629747404276,-15.4328209129811,-23.723283871685585
2.7490092359483245,63.67003455019841,81.31629769582365,-17.64626314562524,-27.715177587523787
2.868079468701035,104.3284842397209,87.88142533375009,16.447058905970806,15.764686917313549
2.881039161421359,88.58716898397134,88.60776404273504,-0.020595058763703378,-0.023248354135156725
3.003976756241173,83.4188119996662,95.61156981979295,-12.192757820126744,-14.616316784966362
3.00440858444199,101.53085628094557,95.6365312995509,5.894324981394675,5.805451857004451
3.090760798100382,96.09852598213389,100.67820473418621,-4.579678752052317,-4.765607698190652
3.141716594435275,98.66186421517799,103.69979082338962,-5.0379266082116345,-5.106255236799598
3.151286357920617,105.19433406225997,104.27108718674445,0.9232468755155168,0.8776583679583797
3.2396884718909864,124.62086700326796,109.60536987720697,15.015497126060993,12.048942915528936
3.291672990936786,109.17161961004285,112.789765729901,-3.618146119858153,-3.3141819575289277
3.366666791122407,120.80463714745324,117.44516641460956,3.3594707328436755,2.7809120677570767
3.379770624637604,104.78795118510043,118.26603127130596,-13.478080086205537,-12.86224220797816
3.3955672919750217,114.98433185005058,119.25850400856486,-4.274172158514276,-3.7171778882779978
3.4150987456552686,160.11406028755212,120.49003109197074,39.624029195581386,24.747376416799238
3.6793118919245904,169.70015435619032,137.62258795793593,32.07756639825439,18.902496889263592
3.849137292802334,181.2497353382527,149.09174821661253,32.15798712164016,17.74236362973228
3.96999458456412,151.3552294891626,157.46728821398636,-6.112058724823754,-4.038221041620099
3.991758001595736,139.85075162776084,158.99416808171966,-19.14341645395882,-13.688461614359166
4.029864163417369,175.99633855394512,161.68124812608306,14.31509042786206,8.133743318457903
4.103027991205454,143.1137631269714,166.88884114110266,-23.775078014131253,-16.612712498544155
4.1309863029979175,188.874172078414,168.89556460662882,19.978607471785182,10.577733975977804
4.172370537929237,161.46137184789168,171.88284342546916,-10.421471577577478,-6.454467380219746
4.180422895308584,165.36000558224393,172.4664333823365,-7.106427800092575,-4.297549322806537
4.193304867763072,239.89217971777904,173.40162806210833,66.49055165567071,27.716848349910144
4.229167144652457,238.1167308376509,176.01535825432168,62.10137258332921,26.080222235904213
4.430125601869077,169.72303210240398,190.9380316243874,-21.21499952198343,-12.499776405822846
4.431222135294229,236.6396906778847,191.02073439172307,45.61895628616162,19.277812676090083
4.471722949016839,160.98897760319954,194.08502523278358,-33.096047629584035,-20.557958763585734
4.615557766892016,239.9522170574761,205.11839982115185,34.83381723632425,14.516980782044808
4.641887979209423,314.3743829304135,207.1634853855544,107.21089754485911,34.102936933188396
4.6600982856936755,238.9627831509798,208.58245270026714,30.38033045071265,12.713415055731906
4.6774035314098,186.78276576260598,209.93434612293038,-23.151580360324402,-12.394923196366634
4.824997576046735,180.95079371197485,221.60034421951028,-40.64955050753542,-22.46442232922095
4.841294328961522,239.63719007193362,222.90329404816885,16.73389602376477,6.983012953349035
4.845627308823168,209.01197372332828,223.25021649180445,-14.23824276847617,-6.812166075864872
4.9184624525718394,181.21970435025466,229.11279775175367,-47.893093401499016,-26.428193100311564
4.936747375223786,151.4675578362692,230.5937353937589,-79.12617755748968,-52.23968662848723
