Stage,Discharge
0.0,0.0
0.15151515151515152,0.0
0.30303030303030304,0.0
0.4545454545454546,0.08516174417370967
0.6060606060606061,2.6998987400611756
0.7575757575757576,5.911750343699679
0.9090909090909092,9.422890049520351
1.0606060606060606,13.146067669184573
1.2121212121212122,17.03615350982084
1.3636363636363638,21.065047916511695
1.5151515151515151,25.21339313724605
1.6666666666666667,29.46696225567863
1.8181818181818183,33.81481539072958
1.9696969696969697,38.24825365683042
2.121212121212121,42.760178987478774
2.272727272727273,47.3446791904969
2.4242424242424243,51.99674657473704
2.5757575757575757,56.71208006415352
2.7272727272727275,61.48694177221345
2.878787878787879,66.3180503840202
3.0303030303030303,71.20250017123227
3.181818181818182,76.13769832082485
3.3333333333333335,81.12131564209832
3.484848484848485,86.15124723802754
3.6363636363636367,91.22558072642826
3.787878787878788,96.34257026927715
3.9393939393939394,101.50061513163325
4.090909090909091,106.6982418166846
4.242424242424242,111.93408905569868
4.3939393939393945,117.20689510026463
4.545454545454546,122.5154868884071
4.696969696969697,127.85877074884992
4.848484848484849,133.23572437773916
5.0,138.64538987564003
5.151515151515151,144.0868676739195
5.303030303030303,149.55931121181078
5.454545454545455,155.0619222507574
5.606060606060606,160.59394673269313
5.757575757575758,166.15467110493685
5.909090909090909,171.74341904727206
6.0606060606060606,177.35954854722573
6.212121212121212,183.00244927807324
6.363636363636364,188.67154024107785
6.515151515151516,194.36626763923073
6.666666666666667,200.0861029545324
6.818181818181818,205.8305412048322
6.96969696969697,211.5990993595747
7.121212121212121,217.39131489660264
7.272727272727273,223.20674448453138
7.424242424242425,229.04496277721708
7.575757575757576,234.9055613085502
7.7272727272727275,240.78814747726403
7.878787878787879,246.69234361270253
8.030303030303031,252.61778611356831
8.181818181818182,258.5641246526021
8.333333333333334,264.53102144095146
8.484848484848484,270.51815054668475
8.636363636363637,276.5251972625194
8.787878787878789,282.5518575183616
8.93939393939394,288.5978373347251
9.090909090909092,294.66285231350435
9.242424242424242,300.7466271629366
9.393939393939394,306.848895253909
9.545454545454545,312.969398205044
9.696969696969697,319.1078854942483
9.84848484848485,325.264114094631
10.0,331.43784813289244
10.151515151515152,337.62885856846356
10.303030303030303,343.8369228918286
10.454545454545455,350.0618248406081
10.606060606060606,356.30335413210173
10.757575757575758,362.56130621110674
10.90909090909091,368.8354820119253
11.06060606060606,375.1256877335707
11.212121212121213,381.43173462726065
11.363636363636363,387.7534387953618
11.515151515151516,394.0906210010199
11.666666666666668,400.4431064877668
11.818181818181818,406.81072480845484
11.96969696969697,413.1933096629184
12.121212121212121,419.5906987438069
12.272727272727273,426.00273359007923
12.424242424242424,432.42925944768336
12.575757575757576,438.87012513698403
12.727272727272728,445.3251829265296
12.878787878787879,451.7942884127818
13.030303030303031,458.2773004054571
13.181818181818182,464.77408081815236
13.333333333333334,471.28449456395214
13.484848484848484,477.8084094557352
13.636363636363637,484.3456961109151
13.787878787878789,490.89622786036966
13.93939393939394,497.45988066133003
14.090909090909092,504.0365330140144
14.242424242424242,510.62606588180404
14.393939393939394,517.2283626147764
14.545454545454547,523.8433088764173
14.696969696969697,530.4707925733479
14.84848484848485,537.1107037879112
15.0,543.762934713474
