Stage,Discharge
0.000,0.000
0.152,0.383
0.303,1.454
0.455,2.980
0.606,4.884
0.758,7.120
0.909,9.658
1.061,12.477
1.212,15.560
1.364,18.891
1.515,22.459
1.667,26.254
1.818,30.268
1.970,34.493
2.121,38.922
2.273,43.550
2.424,48.370
2.576,53.378
2.727,58.569
2.879,63.939
3.030,69.484
3.182,75.201
3.333,81.086
3.485,87.136
3.636,93.349
3.788,99.721
3.939,106.250
4.091,112.933
4.242,119.769
4.394,126.754
4.545,133.887
4.697,141.166
4.848,148.589
5.000,156.154
5.152,163.860
5.303,171.704
5.455,179.685
5.606,187.802
5.758,196.053
5.909,204.436
6.061,212.951
6.212,221.596
6.364,230.369
6.515,239.270
6.667,248.297
6.818,257.449
6.970,266.726
7.121,276.125
7.273,285.646
7.424,295.288
7.576,305.049
7.727,314.930
7.879,324.928
8.030,335.043
8.182,345.275
8.333,355.622
8.485,366.083
8.636,376.658
8.788,387.346
8.939,398.146
9.091,409.057
9.242,420.078
9.394,431.209
9.545,442.450
9.697,453.799
9.848,465.255
10.000,476.819
10.152,488.489
10.303,500.264
10.455,512.145
10.606,524.131
10.758,536.220
10.909,548.413
11.061,560.708
11.212,573.106
11.364,585.605
11.515,598.205
11.667,610.906
11.818,623.707
11.970,636.608
12.121,649.607
12.273,662.705
12.424,675.902
12.576,689.195
12.727,702.586
12.879,716.074
13.030,729.657
13.182,743.337
13.333,757.112
13.485,770.981
13.636,784.945
13.788,799.003
13.939,813.155
14.091,827.400
14.242,841.737
14.394,856.167
14.545,870.689
14.697,885.303
14.848,900.008
15.000,914.804
