original_index,value,rank,p_exceed,return_period,F,gev,gumbel,best_aic
26,7876.139244715979,50,0.9803921568627451,1.02,0.019607843137254943,8092.159392660878,8141.847177448922,7964.730298377915
35,8026.630859098899,49,0.9607843137254902,1.0408163265306123,0.03921568627450989,8231.693377087897,8249.054522572422,8196.118895597327
17,8281.540507025362,48,0.9411764705882353,1.0625,0.05882352941176472,8324.575833041587,8322.992364539394,8332.572220138913
34,8407.087525647174,47,0.9215686274509803,1.0851063829787235,0.07843137254901966,8397.019678628732,8382.18082271303,8430.633244650217
32,8429.976458450064,46,0.9019607843137255,1.108695652173913,0.0980392156862745,8457.773211377676,8432.895770577486,8507.858601614162
4,8563.13238253687,45,0.8823529411764706,1.1333333333333333,0.11764705882352944,8510.909570717185,8478.091419348199,8572.023630309792
25,8612.586452169251,44,0.8627450980392157,1.159090909090909,0.13725490196078416,8558.680427218913,8519.416228969141,8627.25970483335
2,8720.006053607964,43,0.8431372549019608,1.1860465116279069,0.1568627450980391,8602.471931114027,8557.89403734703,8676.026527834916
41,8748.824435257266,42,0.8235294117647058,1.2142857142857144,0.17647058823529416,8643.203576611364,8594.210190904309,8719.908451713824
23,8812.29575743106,41,0.803921568627451,1.2439024390243902,0.196078431372549,8681.52004304316,8628.849956830063,8759.98705816772
20,8856.765646044887,40,0.7843137254901961,1.275,0.21568627450980382,8717.893253919172,8662.172537833028,8797.034668796518
47,8890.144449675741,39,0.7647058823529411,1.3076923076923077,0.23529411764705888,8752.680948162088,8694.45375691136,8831.623048889498
18,8967.26636232668,38,0.7450980392156863,1.3421052631578947,0.2549019607843137,8786.162350716831,8725.9121823424,8864.1883332665
28,8980.349299307674,37,0.7254901960784313,1.3783783783783785,0.27450980392156865,8818.560965781526,8756.725912596394,8895.071771617026
19,8986.892959638446,36,0.7058823529411765,1.4166666666666665,0.2941176470588235,8850.059735363515,8787.043811469688,8924.546367876403
13,9008.607367320823,35,0.6862745098039216,1.457142857142857,0.3137254901960784,8880.811470231089,8816.993302819605,8952.834911762297
49,9022.319137165072,34,0.6666666666666666,1.5,0.33333333333333337,8910.946245597672,8846.68595763992,8980.122556069091
10,9035.140207969374,33,0.6470588235294118,1.5454545454545454,0.3529411764705882,8940.576788376718,8876.221624887916,9006.565826508484
39,9045.456239256482,32,0.6274509803921569,1.59375,0.37254901960784315,8969.802501892551,8905.691581582618,9032.299234874745
3,9046.771846502414,31,0.6078431372549019,1.6451612903225807,0.3921568627450981,8998.712547574709,8935.181013794261,9057.440245754577
24,9068.598435846592,30,0.5882352941176471,1.7,0.4117647058823529,9027.388264340912,8964.771039927813,9082.093091701727
33,9072.23037071369,29,0.5686274509803921,1.7586206896551724,0.43137254901960786,9055.905118969133,8994.54042513033,9106.351772407967
16,9159.357391736561,28,0.5490196078431373,1.8214285714285712,0.4509803921568627,9084.334324592206,9024.56709619657,9130.302471563753
9,9181.076132384895,27,0.5294117647058824,1.8888888888888888,0.47058823529411764,9112.74422789032,9054.929541693542,9154.025558892781
43,9183.134441431943,26,0.5098039215686274,1.9615384615384617,0.4901960784313726,9141.20154174197,9085.708167351408,9177.597301398111
36,9267.294656593964,25,0.49019607843137253,2.04,0.5098039215686274,9169.772484911386,9116.986669319316,9201.091379470829
38,9267.88504049165,24,0.47058823529411764,2.125,0.5294117647058824,9198.52388134787,9148.853486209046,9224.580285540522
6,9309.636227543828,23,0.45098039215686275,2.217391304347826,0.5490196078431373,9227.52426745593,9181.40339441065,9248.13667263885
15,9370.94475847775,22,0.43137254901960786,2.318181818181818,0.5686274509803921,9256.84505560499,9214.739320180282,9271.834716107096
29,9401.955777073686,21,0.4117647058823529,2.428571428571429,0.5882352941176471,9286.561806109277,9248.974457446076,9295.751553135964
46,9439.689512623818,20,0.39215686274509803,2.55,0.6078431372549019,9316.755668409034,9284.234804049122,9319.968872119909
21,9476.04232565444,19,0.37254901960784315,2.6842105263157894,0.6274509803921569,9347.51506636402,9320.66226440827,9344.574738042156
31,9486.112814887509,18,0.35294117647058826,2.833333333333333,0.6470588235294117,9378.937724459725,9358.418518480335,9369.665763495634
40,9492.002420623157,17,0.3333333333333333,3.0,0.6666666666666667,9411.133164693352,9397.68993357233,9395.349771337198
14,9609.060463112735,16,0.3137254901960784,3.1875,0.6862745098039216,9444.225853459231,9438.69391033067,9421.749150811427
5,9623.606033245185,15,0.29411764705882354,3.4,0.7058823529411764,9478.359252978073,9481.687229040384,9449.005195061392
27,9632.96844278624,14,0.27450980392156865,3.6428571428571423,0.7254901960784313,9513.701147994308,9526.977234428106,9477.283842656623
0,9637.131454843238,13,0.2549019607843137,3.9230769230769234,0.7450980392156863,9550.4508019912,9574.937131404771,9506.783461245828
37,9676.174216020052,12,0.23529411764705882,4.25,0.7647058823529411,9588.848795081314,9626.027377741357,9537.745665642644
1,9677.73326290199,11,0.21568627450980393,4.636363636363636,0.7843137254901961,9629.190895000542,9680.826372073763,9570.47076410162
7,9693.271319437821,10,0.19607843137254902,5.1,0.803921568627451,9671.848181106396,9740.075776738537,9605.34048745883
8,9694.075006222512,9,0.17647058823529413,5.666666666666666,0.8235294117647058,9717.29721924051,9804.749770273256,9642.852612694018
48,9701.59815741765,8,0.1568627450980392,6.375,0.8431372549019608,9766.167103907905,9876.16523012376,9683.675898012796
44,9706.709261991797,7,0.13725490196078433,7.285714285714285,0.8627450980392157,9819.316326961698,9956.165846927184,9728.74163261185
22,9718.450245870574,6,0.11764705882352941,8.5,0.8823529411764706,9877.965915314307,10047.449097571383,9779.40576954946
30,9741.60092157625,5,0.09803921568627451,10.2,0.9019607843137255,9943.947832105201,10154.194002597733,9837.759256144476
45,9747.620505760227,4,0.0784313725490196,12.75,0.9215686274509804,10020.216609420604,10283.398277867467,9907.28673472673
11,9856.443927188111,3,0.058823529411764705,17.0,0.9411764705882353,10112.060601652991,10448.176238639731,9994.48425517634
42,10078.899548188485,2,0.0392156862745098,25.5,0.9607843137254902,10230.656082410414,10677.96475639837,10113.838035723535
12,10959.325266408589,1,0.0196078431372549,51.0,0.9803921568627451,10408.550891506107,11066.685991818536,10311.124931841226
