stage,discharge_fit
0.6,2.478445579479431
0.7,4.046975091026134
0.8,5.895178079436647
0.9,7.999511453966921
1.0,10.342410761513852
1.1,12.9100647178319
1.2000000000000002,15.691211523916671
1.3,18.67641998990388
1.4,21.857628772420693
1.5,25.227834923171486
1.6,28.780874426889945
1.7000000000000002,32.511262297178085
1.8000000000000003,36.41407281427698
1.9,40.48484773350574
2.0,44.71952453704004
2.1,49.11437939612253
2.2,53.66598115527952
2.3000000000000003,58.3711537254227
2.4,63.22694499513479
2.5,68.23060086645124
2.6,73.37954337066041
2.7,78.67135206965614
2.8000000000000003,84.10374813040825
2.9000000000000004,89.67458059468733
3.0000000000000004,95.38181446704498
3.1,101.2235203206126
3.2,107.19786517906766
3.3000000000000003,113.30310447873589
3.4000000000000004,119.53757495054745
3.5000000000000004,125.89968828983352
3.6,132.38792550449182
3.7,139.00083185016666
3.8000000000000003,145.73701227575407
3.9000000000000004,152.59512731449797
4.0,159.57388936574844
4.1,166.67205932054512
4.2,173.8884434909057
4.3,181.22189080830074
4.4,188.67129026149718
4.5,196.23556854790786
4.6,203.91368791593897
4.7,211.70464417867015
4.8,219.60746488163596
4.8999999999999995,227.62120760955742
5.0,235.74495841866207
