site,year,peak,index_flood,scaled_peak
S01,1990,8134.815498808049,7650.0,1.063374575007588
S01,1991,7756.781988633897,7650.0,1.0139584298867839
S01,1992,5944.167999274322,7650.0,0.7770154247417415
S01,1993,6370.000022779807,7650.0,0.8326797415398441
S01,1994,6870.682433709469,7650.0,0.8981284227071201
S01,1995,6573.790196558392,7650.0,0.8593189799422735
S01,1996,5811.069866279076,7650.0,0.759616975984193
S01,1997,7453.979789896593,7650.0,0.9743764431237376
S01,1998,7299.096369131112,7650.0,0.9541302443308642
S01,1999,8410.219132531553,7650.0,1.0993750500041246
S01,2000,9625.717385977225,7650.0,1.258263710585258
S01,2001,7323.983662224123,7650.0,0.9573834852580553
S01,2002,8048.540560987864,7650.0,1.0520968053578907
S01,2003,7630.068820958625,7650.0,0.9973946171187745
S01,2004,7491.8245212623315,7650.0,0.9793234668316774
S01,2005,6486.769540707521,7650.0,0.8479437308114406
S01,2006,6734.995667955168,7650.0,0.8803915905823749
S01,2007,5031.020423457421,7650.0,0.6576497285565256
S01,2008,7985.014122681866,7650.0,1.0437926957754073
S01,2009,9654.862294965473,7650.0,1.2620735026098657
S01,2010,10269.314843301532,7650.0,1.342394097163599
S01,2011,8601.836825754699,7650.0,1.1244231144777384
S01,2012,10281.902002545408,7650.0,1.3440394774569162
S01,2013,10387.026624198683,7650.0,1.3577812580651873
S01,2014,11180.08654371373,7650.0,1.4614492214004877
S01,2015,5916.683798241202,7650.0,0.7734227187243401
S01,2016,9843.142619470795,7650.0,1.2866853097347444
S01,2017,7420.720988654603,7650.0,0.9700288874058305
S01,2018,3495.4692632799306,7650.0,0.4569240867032589
S01,2019,8110.954720204696,7650.0,1.0602555189810061
S01,2020,5207.779908749533,7650.0,0.68075554362739
S01,2021,9320.720796077936,7650.0,1.2183948753043055
S01,2022,8409.515217746324,7650.0,1.0992830349995195
S01,2023,11016.977556712609,7650.0,1.4401277851911907
S01,2024,8084.4133746563,7650.0,1.0567860620465752
S02,1990,4492.922896346732,8300.0,0.54131601160804
S02,1991,9907.621446579855,8300.0,1.1936893309132355
S02,1992,8096.917145339947,8300.0,0.9755321861855357
S02,1993,11523.99847264502,8300.0,1.3884335509210868
S02,1994,7367.086271031839,8300.0,0.8876007555460047
S02,1995,9100.734506247127,8300.0,1.096474036897244
S02,1996,8493.740794662248,8300.0,1.0233422644171384
S02,1997,9384.14234017468,8300.0,1.1306195590571904
S02,1998,9540.678526771977,8300.0,1.149479340574937
S02,1999,8055.439264627668,8300.0,0.9705348511599601
S02,2000,7948.22459398783,8300.0,0.9576174209623892
S02,2001,5078.671171261851,8300.0,0.6118880929231145
S02,2002,7705.130817788628,8300.0,0.9283290141914009
S02,2003,11114.350328195622,8300.0,1.3390783527946533
S02,2004,10616.939922852916,8300.0,1.279149388295532
S02,2005,9044.698814807984,8300.0,1.0897227487720462
S02,2006,9555.940968178185,8300.0,1.1513181889371307
S02,2007,10542.08732334708,8300.0,1.2701310028129011
S02,2008,10795.30829581795,8300.0,1.300639553713006
S02,2009,8375.233507824076,8300.0,1.0090642780510934
S02,2010,8602.31392688516,8300.0,1.036423364684959
S02,2011,9196.120172940744,8300.0,1.1079662858964752
S02,2012,7061.330035276675,8300.0,0.8507626548526114
S02,2013,10878.514281954976,8300.0,1.3106643713198767
S02,2014,5086.245629385357,8300.0,0.6128006782391996
S02,2015,8251.64697620064,8300.0,0.9941743344820048
S02,2016,11034.877760362848,8300.0,1.32950334462203
S02,2017,8693.51921219222,8300.0,1.047411953276171
S02,2018,10826.157200644757,8300.0,1.3043562892343081
S02,2019,10620.18705105895,8300.0,1.2795406085613195
S02,2020,5964.427081607658,8300.0,0.7186056724828503
S02,2021,10060.223302194163,8300.0,1.2120750966498992
S02,2022,8567.433873566393,8300.0,1.032220948622457
S02,2023,9409.36737776021,8300.0,1.1336587202120736
S02,2024,8863.459730432702,8300.0,1.067886714509964
S03,1990,7923.780377240505,8950.0,0.8853385896358106
S03,1991,9048.635725702845,8950.0,1.0110207514751781
S03,1992,9777.547105821335,8950.0,1.09246336377892
S03,1993,10363.331433743142,8950.0,1.1579141266752113
S03,1994,9139.521442956902,8950.0,1.0211755802186484
S03,1995,10136.92661509795,8950.0,1.1326174988936255
S03,1996,9143.120716359916,8950.0,1.0215777336714988
S03,1997,7393.621497240566,8950.0,0.8261029605855381
S03,1998,6400.825706702335,8950.0,0.715176056614786
S03,1999,7033.959461961459,8950.0,0.7859172583197161
S03,2000,9729.71492622088,8950.0,1.0871189861699309
S03,2001,7717.094319555456,8950.0,0.8622451753693248
S03,2002,7263.20884778792,8950.0,0.8115317148366391
S03,2003,9425.164057313565,8950.0,1.0530909561244206
S03,2004,8338.630922857526,8950.0,0.9316906059058688
S03,2005,10314.990003172896,8950.0,1.1525128495165247
S03,2006,8064.335051072848,8950.0,0.90104302246624
S03,2007,7286.691734496386,8950.0,0.8141555010610487
S03,2008,9052.365645733626,8950.0,1.0114375023166062
S03,2009,10209.929412089989,8950.0,1.1407742359877082
S03,2010,10752.292350200763,8950.0,1.2013734469498059
S03,2011,10702.872263021573,8950.0,1.195851649499617
S03,2012,9031.119262541417,8950.0,1.0090636047532309
S03,2013,8479.702674745944,8950.0,0.9474528128207759
S03,2014,9647.15475289798,8950.0,1.0778943857986572
S03,2015,12288.449742648085,8950.0,1.3730111444299535
S03,2016,12199.940639531378,8950.0,1.3631218591655172
S03,2017,11719.425962663656,8950.0,1.3094330684540398
S03,2018,10869.233399469558,8950.0,1.2144394859742522
S03,2019,11048.62385634628,8950.0,1.234483112440925
S03,2020,13859.696322888158,8950.0,1.5485694215517494
S03,2021,9249.1665236333,8950.0,1.0334264272215976
S03,2022,8338.2063518013,8950.0,0.9316431677990279
S03,2023,6614.744877246794,8950.0,0.739077639915843
S03,2024,11007.505265101072,8950.0,1.2298888564358739
S04,1990,9652.253051146445,9600.0,1.005443026161088
S04,1991,9964.549271260272,9600.0,1.037973882422945
S04,1992,10281.28230514939,9600.0,1.070966906786395
S04,1993,10569.8954088967,9600.0,1.101030771760073
S04,1994,7976.108347210985,9600.0,0.8308446195011443
S04,1995,8640.755624957821,9600.0,0.9000787109331063
S04,1996,9679.147138007784,9600.0,1.0082444935424775
S04,1997,8050.687428046867,9600.0,0.838613273754882
S04,1998,9463.478970541835,9600.0,0.9857790594314412
S04,1999,14386.973718708274,9600.0,1.4986430956987784
S04,2000,10716.47122378735,9600.0,1.1162990858111823
S04,2001,7256.36324807075,9600.0,0.7558711716740365
S04,2002,11184.28522258798,9600.0,1.165029710686248
S04,2003,9159.474795009633,9600.0,0.9541119578135034
S04,2004,8534.648222284113,9600.0,0.8890258564879284
S04,2005,8749.1349635932,9600.0,0.9113682253742916
S04,2006,8891.328911928304,9600.0,0.9261800949925316
S04,2007,8798.15465678642,9600.0,0.9164744434152522
S04,2008,11977.792067084845,9600.0,1.2476866736546715
S04,2009,10636.009176530506,9600.0,1.107917622555261
S04,2010,11859.262024863932,9600.0,1.2353397942566595
S04,2011,9956.177630863463,9600.0,1.0371018365482774
S04,2012,9266.962711786398,9600.0,0.9653086158110832
S04,2013,10423.307357035505,9600.0,1.0857611830245317
S04,2014,7023.759803223155,9600.0,0.7316416461690787
S04,2015,11069.014391169914,9600.0,1.1530223324135327
S04,2016,8271.988786983731,9600.0,0.8616654986441387
S04,2017,12955.657157547894,9600.0,1.3495476205779056
S04,2018,9041.119587799463,9600.0,0.9417832903957775
S04,2019,7601.357706293251,9600.0,0.791808094405547
S04,2020,10632.779460737502,9600.0,1.1075811938268232
S04,2021,11158.865042890915,9600.0,1.162381775301137
S04,2022,11278.204427411976,9600.0,1.1748129611887475
S04,2023,12132.122352790491,9600.0,1.2637627450823428
S04,2024,11496.178370325053,9600.0,1.197518580242193
S05,1990,10082.988365582876,10250.0,0.9837061820080855
S05,1991,9517.686636214812,10250.0,0.9285547937770549
S05,1992,8897.208155236745,10250.0,0.8680203078279751
S05,1993,10194.941895952925,10250.0,0.9946284776539439
S05,1994,9511.335996682596,10250.0,0.9279352191885459
S05,1995,14221.909671217896,10250.0,1.3875033825578436
S05,1996,6950.409268424443,10250.0,0.6780887091145799
S05,1997,14106.852817497076,10250.0,1.3762783236582514
S05,1998,11944.150335987475,10250.0,1.1652829596085341
S05,1999,10318.146242105893,10250.0,1.0066484138639895
S05,2000,9326.66108144025,10250.0,0.9099181542868536
S05,2001,9750.260500167482,10250.0,0.951244926845608
S05,2002,10071.798257124656,10250.0,0.9826144641097225
S05,2003,10064.74474287114,10250.0,0.9819263163776722
S05,2004,8919.564763873634,10250.0,0.8702014403779155
S05,2005,13305.251344006763,10250.0,1.2980733018543185
S05,2006,10798.34110676646,10250.0,1.0534966933430694
S05,2007,8207.508301438895,10250.0,0.8007325172135507
S05,2008,9029.331433751473,10250.0,0.8809103837806315
S05,2009,11430.771140801291,10250.0,1.1151971844684185
S05,2010,8373.619916194797,10250.0,0.8169385284092485
S05,2011,11173.658654295337,10250.0,1.0901130394434475
S05,2012,11644.55657492394,10250.0,1.1360542999925796
S05,2013,10669.531930026971,10250.0,1.0409299443928752
S05,2014,9427.881109263844,10250.0,0.9197932789525701
S05,2015,10895.465556923005,10250.0,1.0629722494559029
S05,2016,9049.891884508439,10250.0,0.8829162814154574
S05,2017,11426.273946974336,10250.0,1.1147584338511547
S05,2018,11117.219149453807,10250.0,1.0846067462881763
S05,2019,11803.191965692973,10250.0,1.1515309234822413
S05,2020,12222.575959015072,10250.0,1.1924464350258608
S05,2021,12305.86794565874,10250.0,1.2005724825032917
S05,2022,11522.498966585263,10250.0,1.1241462406424647
S05,2023,6111.575111301226,10250.0,0.5962512303708513
S05,2024,12410.639452297275,10250.0,1.2107940929070513
S06,1990,7589.7410506692995,10900.0,0.6963065184100274
S06,1991,12844.87038802389,10900.0,1.1784284759654944
S06,1992,11394.84768029334,10900.0,1.0453988697516825
S06,1993,11142.498362018634,10900.0,1.0222475561484985
S06,1994,9382.59101094742,10900.0,0.8607881661419652
S06,1995,11052.68532223534,10900.0,1.014007827728013
S06,1996,8345.72740826351,10900.0,0.7656630649783037
S06,1997,12098.201830438677,10900.0,1.1099267734347409
S06,1998,7257.41297840459,10900.0,0.665817704440788
S06,1999,15005.27474157972,10900.0,1.3766307102366715
S06,2000,10730.370329985393,10900.0,0.9844376449527884
S06,2001,10527.247548357887,10900.0,0.9658025273722832
S06,2002,10664.589712526844,10900.0,0.978402725919894
S06,2003,13576.112012662928,10900.0,1.2455148635470576
S06,2004,8050.122720217861,10900.0,0.7385433688273266
S06,2005,11771.250274411048,10900.0,1.079931217835876
S06,2006,13193.389361475674,10900.0,1.2104026937133647
S06,2007,8365.581405963905,10900.0,0.767484532657239
S06,2008,10854.95383009706,10900.0,0.9958673238621156
S06,2009,13044.5196985256,10900.0,1.1967449264702386
S06,2010,10902.665728366635,10900.0,1.0002445622354712
S06,2011,12516.940053994096,10900.0,1.1483431242196418
S06,2012,13032.892269268285,10900.0,1.195678189841127
S06,2013,11759.120763096971,10900.0,1.0788184186327496
S06,2014,11919.343104479916,10900.0,1.0935177160073317
S06,2015,10914.875352723671,10900.0,1.0013647112590525
S06,2016,11873.134186577085,10900.0,1.089278365741017
S06,2017,9552.459566026791,10900.0,0.8763724372501643
S06,2018,15405.420334291428,10900.0,1.413341315072608
S06,2019,12182.788413820317,10900.0,1.117687010442231
S06,2020,11249.585217262404,10900.0,1.0320720382809545
S06,2021,13582.262507480373,10900.0,1.2460791291266398
S06,2022,11468.666645723868,10900.0,1.0521712519012723
S06,2023,12100.98975961831,10900.0,1.1101825467539732
S06,2024,11525.60372764936,10900.0,1.0573948373990238
S07,1990,14615.485167404097,11550.0,1.2654099712038178
S07,1991,9070.130868643722,11550.0,0.7852927158998894
S07,1992,13429.763275304453,11550.0,1.1627500671259265
S07,1993,12933.538468828345,11550.0,1.1197868804180384
S07,1994,12394.806329537862,11550.0,1.0731434051547932
S07,1995,11864.455135928456,11550.0,1.0272255528942387
S07,1996,13134.483315616564,11550.0,1.1371847026507849
S07,1997,10136.995510222121,11550.0,0.8776619489369801
S07,1998,13324.212563633719,11550.0,1.1536114773708848
S07,1999,12156.25212144529,11550.0,1.0524893611640944
S07,2000,9588.670028321918,11550.0,0.8301878812399929
S07,2001,11368.784659234465,11550.0,0.9843103601068801
S07,2002,10984.310771406515,11550.0,0.9510225776109538
S07,2003,11569.016946617125,11550.0,1.0016464888845995
S07,2004,10568.629848281626,11550.0,0.9150328872971104
S07,2005,10989.64883340384,11550.0,0.951484747480852
S07,2006,12151.349459203562,11550.0,1.0520648882427326
S07,2007,13179.306672586361,11550.0,1.1410655127780398
S07,2008,12099.893424216556,11550.0,1.0476098202784896
S07,2009,14117.54993302959,11550.0,1.2222986955003974
S07,2010,9607.251616031557,11550.0,0.831796676712689
S07,2011,17435.591765740483,11550.0,1.5095750446528555
S07,2012,10897.108034274801,11550.0,0.9434725570800694
S07,2013,12950.541150189369,11550.0,1.1212589740423695
S07,2014,8760.274211491715,11550.0,0.7584652996962523
S07,2015,12117.21922080432,11550.0,1.0491098892471273
S07,2016,15111.212728273264,11550.0,1.3083301063440056
S07,2017,14983.583051480931,11550.0,1.2972799178771368
S07,2018,15863.457174124023,11550.0,1.3734594955951536
S07,2019,13595.383400443545,11550.0,1.1770894718998741
S07,2020,12649.840670127556,11550.0,1.0952243004439444
S07,2021,13635.258386916796,11550.0,1.180541851681108
S07,2022,12670.335854876716,11550.0,1.0969987753140014
S07,2023,15009.349979665209,11550.0,1.2995108207502346
S07,2024,15422.535143164352,11550.0,1.3352844279795977
S08,1990,9181.370662352236,12200.0,0.7525713657665767
S08,1991,8087.131696323203,12200.0,0.6628796472396068
S08,1992,13171.961153321558,12200.0,1.0796689469935703
S08,1993,10545.005596566789,12200.0,0.8643447210300647
S08,1994,11859.26070622692,12200.0,0.9720705496907311
S08,1995,17555.63819771223,12200.0,1.438986737517396
S08,1996,13642.171150018821,12200.0,1.1182107500015428
S08,1997,13357.403944360358,12200.0,1.0948691757672424
S08,1998,7922.637190887901,12200.0,0.6493964910563853
S08,1999,12960.064165565154,12200.0,1.0623003414397667
S08,2000,14719.71884353377,12200.0,1.2065343314371944
S08,2001,10260.685391233414,12200.0,0.8410397861666733
S08,2002,15524.363414271762,12200.0,1.272488804448505
S08,2003,13444.644517359331,12200.0,1.1020200424065025
S08,2004,12288.166425538706,12200.0,1.0072267561916972
S08,2005,15964.105807345773,12200.0,1.3085332628971946
S08,2006,12664.22361398162,12200.0,1.0380511159001327
S08,2007,11286.188796161161,12200.0,0.9250974423082919
S08,2008,13535.723024346047,12200.0,1.1094854937988563
S08,2009,13677.729515885303,12200.0,1.121125370154533
S08,2010,14115.498232439473,12200.0,1.157008051839301
S08,2011,11899.186089588244,12200.0,0.975343122097397
S08,2012,12173.812972618027,12200.0,0.9978535223457399
S08,2013,10831.145430128508,12200.0,0.8877988057482384
S08,2014,12270.873523648852,12200.0,1.005809305217119
S08,2015,18813.16141945107,12200.0,1.5420624114304156
S08,2016,14248.56117910298,12200.0,1.1679148507461459
S08,2017,15276.419677755268,12200.0,1.2521655473569893
S08,2018,11561.452965112192,12200.0,0.9476600791075567
S08,2019,15700.243505525914,12200.0,1.2869052053709766
S08,2020,12126.187095517218,12200.0,0.9939497619276408
S08,2021,16648.94396177774,12200.0,1.3646675378506343
S08,2022,14522.12819382775,12200.0,1.1903383765432582
S08,2023,14489.493950970074,12200.0,1.1876634386041045
S08,2024,16247.43260438703,12200.0,1.3317567708513958
